Emails,URL
Email: info -AT- cumberlandcaverns -DOT- com,cumberlandcaverns.com
"http:/info@apcanadianimmigration.com,info@apcanadianimmigration.com",apcanadian.com
info@visitportobello.com,visitportobello.com
E-mail: nicecnc2@gmail.com,nicecnc.com
sales@nanowavetech.com,nanowavetech.com
http:/info@riverrunkerrville.com,riverrunkerrville.com
booking@grayhausliving.com,grayhausliving.com
robert:louisianacommercialrealty.com,louisianacommercialrealty.com
null,digitalness.nl
: info@metaphoredesign.ca,metaphoredesign.ca
tourismus@koenigssee.com,koenigssee.de
info@totallifeimpact.com,tliministries.com
a href= help@medicalweightlossbeauty.comSend Emaila,medicalweightlossbeauty.com
landscapemagic@gmail.com,landscapemagicsedona.com
